{
"response": {
"version": "0.1",
"termsofService": "http://www.wunderground.com/weather/api/d/terms.html",
"features": {
"forecast": 1
}
},
"forecast": {
"txt_forecast": {
"date": "11:15 AM EST",
"forecastday": [
{
"period": 0,
"icon": "clear",
"icon_url": "http://icons.wxug.com/i/c/k/clear.gif",
"title": "Wednesday",
"fcttext": "Plenty of sunshine. High 84F. Winds SSW at 5 to 10 mph.",
"fcttext_metric": "Partly cloudy. High 29C. Winds SSW at 10 to 15 km/h.",
"pop": "0"
},
{
"period": 1,
"icon": "nt_partlycloudy",
"icon_url": "http://icons.wxug.com/i/c/k/nt_partlycloudy.gif",
"title": "Wednesday Night",
"fcttext": "A few clouds. Low 66F. Winds WNW at 5 to 10 mph.",
"fcttext_metric": "Partly cloudy. Low 19C. Winds WNW at 10 to 15 km/h.",
"pop": "0"
},
{
"period": 2,
"icon": "partlycloudy",
"icon_url": "http://icons.wxug.com/i/c/k/partlycloudy.gif",
"title": "Thursday",
"fcttext": "Partly cloudy skies in the morning will give way to cloudy skies during the afternoon. High 83F. Winds SE at 10 to 15 mph.",
"fcttext_metric": "Partly cloudy skies in the morning will give way to cloudy skies during the afternoon. High 29C. Winds SE at 15 to 25 km/h.",
"pop": "0"
},
{
"period": 3,
"icon": "nt_mostlycloudy",
"icon_url": "http://icons.wxug.com/i/c/k/nt_mostlycloudy.gif",
"title": "Thursday Night",
"fcttext": "Mostly cloudy skies. Low 66F. Winds SSW at 5 to 10 mph.",
"fcttext_metric": "Mostly cloudy. Low 19C. Winds SSW at 10 to 15 km/h.",
"pop": "10"
},
{
"period": 4,
"icon": "partlycloudy",
"icon_url": "http://icons.wxug.com/i/c/k/partlycloudy.gif",
"title": "Friday",
"fcttext": "Mostly cloudy skies early, then partly cloudy in the afternoon. High 87F. Winds W at 10 to 15 mph.",
"fcttext_metric": "Considerable clouds early. Some decrease in clouds later in the day. High around 30C. Winds W at 10 to 15 km/h.",
"pop": "10"
},
{
"period": 5,
"icon": "nt_mostlycloudy",
"icon_url": "http://icons.wxug.com/i/c/k/nt_mostlycloudy.gif",
"title": "Friday Night",
"fcttext": "Partly cloudy skies early will become overcast later during the night. Low near 65F. Winds NNW at 5 to 10 mph.",
"fcttext_metric": "Partly cloudy skies in the evening, then becoming cloudy overnight. Low 18C. Winds NNW at 10 to 15 km/h.",
"pop": "0"
},
{
"period": 6,
"icon": "cloudy",
"icon_url": "http://icons.wxug.com/i/c/k/cloudy.gif",
"title": "Saturday",
"fcttext": "Overcast. High 76F. Winds ENE at 10 to 20 mph.",
"fcttext_metric": "Cloudy. High near 25C. Winds ENE at 15 to 30 km/h.",
"pop": "20"
},
{
"period": 7,
"icon": "nt_chancerain",
"icon_url": "http://icons.wxug.com/i/c/k/nt_chancerain.gif",
"title": "Saturday Night",
"fcttext": "Cloudy skies with a few showers later at night. Low 66F. Winds ENE at 5 to 10 mph. Chance of rain 30%.",
"fcttext_metric": "Cloudy skies with a few showers later at night. Low 19C. Winds ENE at 10 to 15 km/h. Chance of rain 30%.",
"pop": "30"
}
]
},
"simpleforecast": {
"forecastday": [
{
"date": {
"epoch": "1456963200",
"pretty": "7:00 PM EST on March 02, 2016",
"day": 2,
"month": 3,
"year": 2016,
"yday": 61,
"hour": 19,
"min": "00",
"sec": 0,
"isdst": "0",
"monthname": "March",
"monthname_short": "Mar",
"weekday_short": "Wed",
"weekday": "Wednesday",
"ampm": "PM",
"tz_short": "EST",
"tz_long": "America/New_York"
},
"period": 1,
"high": {
"fahrenheit": "84",
"celsius": "29"
},
"low": {
"fahrenheit": "66",
"celsius": "19"
},
"conditions": "Clear",
"icon": "clear",
"icon_url": "http://icons.wxug.com/i/c/k/clear.gif",
"skyicon": "",
"pop": 0,
"qpf_allday": {
"in": 0.0,
"mm": 0
},
"qpf_day": {
"in": 0.0,
"mm": 0
},
"qpf_night": {
"in": 0.0,
"mm": 0
},
"snow_allday": {
"in": 0.0,
"cm": 0.0
},
"snow_day": {
"in": 0.0,
"cm": 0.0
},
"snow_night": {
"in": 0.0,
"cm": 0.0
},
"maxwind": {
"mph": 10,
"kph": 16,
"dir": "SSW",
"degrees": 212
},
"avewind": {
"mph": 7,
"kph": 11,
"dir": "SSW",
"degrees": 212
},
"avehumidity": 45,
"maxhumidity": 0,
"minhumidity": 0
},
{
"date": {
"epoch": "1457049600",
"pretty": "7:00 PM EST on March 03, 2016",
"day": 3,
"month": 3,
"year": 2016,
"yday": 62,
"hour": 19,
"min": "00",
"sec": 0,
"isdst": "0",
"monthname": "March",
"monthname_short": "Mar",
"weekday_short": "Thu",
"weekday": "Thursday",
"ampm": "PM",
"tz_short": "EST",
"tz_long": "America/New_York"
},
"period": 2,
"high": {
"fahrenheit": "83",
"celsius": "28"
},
"low": {
"fahrenheit": "66",
"celsius": "19"
},
"conditions": "Partly Cloudy",
"icon": "partlycloudy",
"icon_url": "http://icons.wxug.com/i/c/k/partlycloudy.gif",
"skyicon": "",
"pop": 0,
"qpf_allday": {
"in": 0.0,
"mm": 0
},
"qpf_day": {
"in": 0.0,
"mm": 0
},
"qpf_night": {
"in": 0.0,
"mm": 0
},
"snow_allday": {
"in": 0.0,
"cm": 0.0
},
"snow_day": {
"in": 0.0,
"cm": 0.0
},
"snow_night": {
"in": 0.0,
"cm": 0.0
},
"maxwind": {
"mph": 15,
"kph": 24,
"dir": "SE",
"degrees": 128
},
"avewind": {
"mph": 11,
"kph": 18,
"dir": "SE",
"degrees": 128
},
"avehumidity": 62,
"maxhumidity": 0,
"minhumidity": 0
},
{
"date": {
"epoch": "1457136000",
"pretty": "7:00 PM EST on March 04, 2016",
"day": 4,
"month": 3,
"year": 2016,
"yday": 63,
"hour": 19,
"min": "00",
"sec": 0,
"isdst": "0",
"monthname": "March",
"monthname_short": "Mar",
"weekday_short": "Fri",
"weekday": "Friday",
"ampm": "PM",
"tz_short": "EST",
"tz_long": "America/New_York"
},
"period": 3,
"high": {
"fahrenheit": "87",
"celsius": "31"
},
"low": {
"fahrenheit": "65",
"celsius": "18"
},
"conditions": "Partly Cloudy",
"icon": "partlycloudy",
"icon_url": "http://icons.wxug.com/i/c/k/partlycloudy.gif",
"skyicon": "",
"pop": 10,
"qpf_allday": {
"in": 0.0,
"mm": 0
},
"qpf_day": {
"in": 0.0,
"mm": 0
},
"qpf_night": {
"in": 0.0,
"mm": 0
},
"snow_allday": {
"in": 0.0,
"cm": 0.0
},
"snow_day": {
"in": 0.0,
"cm": 0.0
},
"snow_night": {
"in": 0.0,
"cm": 0.0
},
"maxwind": {
"mph": 15,
"kph": 24,
"dir": "W",
"degrees": 275
},
"avewind": {
"mph": 10,
"kph": 16,
"dir": "W",
"degrees": 275
},
"avehumidity": 57,
"maxhumidity": 0,
"minhumidity": 0
},
{
"date": {
"epoch": "1457222400",
"pretty": "7:00 PM EST on March 05, 2016",
"day": 5,
"month": 3,
"year": 2016,
"yday": 64,
"hour": 19,
"min": "00",
"sec": 0,
"isdst": "0",
"monthname": "March",
"monthname_short": "Mar",
"weekday_short": "Sat",
"weekday": "Saturday",
"ampm": "PM",
"tz_short": "EST",
"tz_long": "America/New_York"
},
"period": 4,
"high": {
"fahrenheit": "76",
"celsius": "24"
},
"low": {
"fahrenheit": "66",
"celsius": "19"
},
"conditions": "Overcast",
"icon": "cloudy",
"icon_url": "http://icons.wxug.com/i/c/k/cloudy.gif",
"skyicon": "",
"pop": 20,
"qpf_allday": {
"in": 0.01,
"mm": 0
},
"qpf_day": {
"in": 0.0,
"mm": 0
},
"qpf_night": {
"in": 0.01,
"mm": 0
},
"snow_allday": {
"in": 0.0,
"cm": 0.0
},
"snow_day": {
"in": 0.0,
"cm": 0.0
},
"snow_night": {
"in": 0.0,
"cm": 0.0
},
"maxwind": {
"mph": 20,
"kph": 32,
"dir": "ENE",
"degrees": 75
},
"avewind": {
"mph": 13,
"kph": 21,
"dir": "ENE",
"degrees": 75
},
"avehumidity": 68,
"maxhumidity": 0,
"minhumidity": 0
}
]
}
}
}						